ym,dist_band,median_ppp,mean_ppp,n_trades,ym_date
2016-01,0-500m,2112.4382736701236,2058.3442461105656,11,2016-01-01
2016-01,1000-2000m,2139.8672334499624,2527.354797835746,228,2016-01-01
2016-01,2000m+,2019.2887199674221,2293.848947058103,339,2016-01-01
2016-01,500-1000m,1813.7704812834224,1987.4787850019086,81,2016-01-01
2016-01,unknown,3110.2956989247314,3775.814219348169,141,2016-01-01
2016-02,0-500m,1712.4948197264816,2044.663471452963,13,2016-02-01
2016-02,1000-2000m,2068.5709453745985,2506.1902330930297,243,2016-02-01
2016-02,2000m+,2028.2772951323677,2333.726586904978,362,2016-02-01
2016-02,500-1000m,1842.82950310559,1964.7603664443207,81,2016-02-01
2016-02,unknown,3510.5840707964603,4076.200467865074,149,2016-02-01
2016-03,0-500m,2006.2302616073532,2042.1739613937552,23,2016-03-01
2016-03,1000-2000m,2464.1222780569515,2727.8681697112397,431,2016-03-01
2016-03,2000m+,2029.586920253587,2399.9736724105232,613,2016-03-01
2016-03,500-1000m,1811.6999164578112,2135.582207041317,153,2016-03-01
2016-03,unknown,4074.7648631149914,4401.445482093368,368,2016-03-01
2016-04,0-500m,1914.573465883465,1947.7920086258557,24,2016-04-01
2016-04,1000-2000m,3157.5205218735114,3033.239124768866,678,2016-04-01
2016-04,2000m+,2186.189094632648,2593.409030529645,741,2016-04-01
2016-04,500-1000m,2013.0413747080415,2264.750806322731,181,2016-04-01
2016-04,unknown,3469.0493827160494,4093.3081318162053,455,2016-04-01
2016-05,0-500m,2101.378387420542,2222.609658374481,23,2016-05-01
2016-05,1000-2000m,2906.004838390786,2970.928823757843,646,2016-05-01
2016-05,2000m+,2261.2550775392156,2658.1245259590164,750,2016-05-01
2016-05,500-1000m,1861.6545711592837,2088.6038930381656,201,2016-05-01
2016-05,unknown,3471.413248494224,4108.667198489917,350,2016-05-01
2016-06,0-500m,1985.7039884670835,1998.4695914831218,37,2016-06-01
2016-06,1000-2000m,2552.816552699835,2889.6668703736364,693,2016-06-01
2016-06,2000m+,2076.8587652531114,2450.3251444638704,909,2016-06-01
2016-06,500-1000m,1916.6459482038429,2155.796407682348,255,2016-06-01
2016-06,unknown,3772.8375780874585,4413.0437296323025,337,2016-06-01
2016-07,0-500m,1990.4465629703964,2254.874860881825,25,2016-07-01
2016-07,1000-2000m,2210.8729541975745,2640.0738608714637,601,2016-07-01
2016-07,2000m+,2069.8884335154826,2405.61152836136,713,2016-07-01
2016-07,500-1000m,1861.6545711592837,2012.1682791049116,223,2016-07-01
2016-07,unknown,3582.1731823277373,4231.604077593068,250,2016-07-01
2016-08,0-500m,2025.418068236425,1979.1588587536446,22,2016-08-01
2016-08,1000-2000m,2484.5870144593673,2903.8160585143128,606,2016-08-01
2016-08,2000m+,2138.924998879897,2502.6226907125756,714,2016-08-01
2016-08,500-1000m,1863.384267102528,2060.0385010484765,278,2016-08-01
2016-08,unknown,4173.330585739899,4704.74031478635,294,2016-08-01
2016-09,0-500m,2156.677818668451,2423.537921141827,33,2016-09-01
2016-09,1000-2000m,2482.836845116901,2873.2940974929234,642,2016-09-01
2016-09,2000m+,2158.800593323145,2524.0738636834976,790,2016-09-01
2016-09,500-1000m,1888.9172950047127,2138.6427953662865,235,2016-09-01
2016-09,unknown,3989.0957515069626,4609.394894904242,208,2016-09-01
2016-10,0-500m,2113.835488844461,2244.7989247558967,34,2016-10-01
2016-10,1000-2000m,2321.4887640449438,2795.0048694985376,553,2016-10-01
2016-10,2000m+,2174.662482346561,2517.74426288123,770,2016-10-01
2016-10,500-1000m,1907.0055181407597,2100.1168945851705,224,2016-10-01
2016-10,unknown,3965.1225042053684,4506.730611348097,203,2016-10-01
2016-11,0-500m,2271.597678662538,2343.3835535600333,22,2016-11-01
2016-11,1000-2000m,2193.7964860760385,2571.7141380475127,246,2016-11-01
2016-11,2000m+,2094.3715153681746,2325.252974289547,354,2016-11-01
2016-11,500-1000m,1919.905032708891,2112.897578442372,86,2016-11-01
2016-11,unknown,3315.551622418879,3958.759225026816,59,2016-11-01
2016-12,0-500m,2345.9027454630063,2469.6008160628908,9,2016-12-01
2016-12,1000-2000m,2324.0256712199716,2665.9765900433563,153,2016-12-01
2016-12,2000m+,2094.371457152384,2341.0681635150318,233,2016-12-01
2016-12,500-1000m,1906.6865552903741,2247.78364656604,55,2016-12-01
2016-12,unknown,4964.497119700522,5077.1391782197215,104,2016-12-01
2017-01,0-500m,2020.7438872772484,1999.6481928205346,9,2017-01-01
2017-01,1000-2000m,2273.9136622390893,2857.470160897198,183,2017-01-01
2017-01,2000m+,2164.7258668599734,2436.8800609026976,241,2017-01-01
2017-01,500-1000m,1957.1767890772128,2306.4061003780635,55,2017-01-01
2017-01,unknown,3998.431525555989,4766.719010250562,95,2017-01-01
2017-02,0-500m,2025.708225312279,2156.199447345735,25,2017-02-01
2017-02,1000-2000m,2760.5845511482257,3047.193281304603,319,2017-02-01
2017-02,2000m+,2169.0767330130407,2522.508320330984,401,2017-02-01
2017-02,500-1000m,2145.4057390724056,2405.797674544545,127,2017-02-01
2017-02,unknown,4797.912135487184,5123.04207928572,186,2017-02-01
2017-03,0-500m,2305.3367730021546,2319.547462383931,18,2017-03-01
2017-03,1000-2000m,2547.329662156826,2915.197804143482,538,2017-03-01
2017-03,2000m+,2242.740841248304,2660.108126574352,664,2017-03-01
2017-03,500-1000m,2129.2252450847527,2469.1313462053213,154,2017-03-01
2017-03,unknown,4325.724800654263,4792.434974712533,229,2017-03-01
2017-04,0-500m,2079.3723158662438,2272.3403238376695,42,2017-04-01
2017-04,1000-2000m,2620.1196351129056,2990.4501688763416,645,2017-04-01
2017-04,2000m+,2336.2755046041157,2722.416768899308,714,2017-04-01
2017-04,500-1000m,2084.738738738739,2405.4608372068287,197,2017-04-01
2017-04,unknown,3823.069171136533,4744.476520723424,328,2017-04-01
2017-05,0-500m,2214.7846190139185,2320.122805541107,61,2017-05-01
2017-05,1000-2000m,2886.7935010634956,3196.1429835004274,1042,2017-05-01
2017-05,2000m+,2438.8866532528505,2865.0896357530723,1173,2017-05-01
2017-05,500-1000m,2106.66443065571,2471.83964189887,351,2017-05-01
2017-05,unknown,4910.322285485776,5230.561292872318,412,2017-05-01
2017-06,0-500m,2329.564459109121,2240.453432273516,41,2017-06-01
2017-06,1000-2000m,2632.1138377363113,3125.2905345032254,709,2017-06-01
2017-06,2000m+,2279.8514403568443,2635.2290157791213,832,2017-06-01
2017-06,500-1000m,2103.124410933082,2418.701314936215,238,2017-06-01
2017-06,unknown,4198.137434739664,4961.984144679772,202,2017-06-01
2017-07,0-500m,2401.508016032064,2427.857766081908,43,2017-07-01
2017-07,1000-2000m,2906.839306833692,3353.264646173737,810,2017-07-01
2017-07,2000m+,2429.871083892196,2820.486640806538,1078,2017-07-01
2017-07,500-1000m,2259.359712230216,2544.158989749714,297,2017-07-01
2017-07,unknown,5494.476190492356,5843.281784468616,298,2017-07-01
2017-08,0-500m,2565.718801604152,2718.0679713738446,13,2017-08-01
2017-08,1000-2000m,2420.8765209553853,2930.4396479454826,225,2017-08-01
2017-08,2000m+,2162.6107085346216,2595.6173158583038,381,2017-08-01
2017-08,500-1000m,2269.8756955132003,2457.7449627358264,79,2017-08-01
2017-08,unknown,4046.947192337091,5032.367111514923,62,2017-08-01
2017-09,0-500m,2495.531965086105,2720.287087405633,19,2017-09-01
2017-09,1000-2000m,3228.6912558887743,3553.478668055279,431,2017-09-01
2017-09,2000m+,2463.0939671054157,2914.571711243213,556,2017-09-01
2017-09,500-1000m,2427.07879430644,2785.954814142308,136,2017-09-01
2017-09,unknown,3630.487893559686,4620.0034388575905,76,2017-09-01
2017-10,0-500m,2465.9925404061337,2620.8919424111864,31,2017-10-01
2017-10,1000-2000m,2856.9664328657313,3467.549470181983,449,2017-10-01
2017-10,2000m+,2519.546715694468,3023.5160030092825,497,2017-10-01
2017-10,500-1000m,2432.17023962122,2827.411441601265,134,2017-10-01
2017-10,unknown,3625.976347609302,4663.3378969143305,68,2017-10-01
2017-11,0-500m,2687.1028600100353,2695.752534293223,24,2017-11-01
2017-11,1000-2000m,3285.268011907833,3735.2833795003316,576,2017-11-01
2017-11,2000m+,2783.3521325569036,3334.968280079425,630,2017-11-01
2017-11,500-1000m,2525.2564696443424,2890.5074935748685,204,2017-11-01
2017-11,unknown,4267.241454794023,5318.067130168613,90,2017-11-01
2017-12,0-500m,2566.485860281872,2482.4255837975434,32,2017-12-01
2017-12,1000-2000m,3413.470616001888,3748.10308503747,605,2017-12-01
2017-12,2000m+,2639.751644743309,3221.5856189796855,738,2017-12-01
2017-12,500-1000m,2565.8921222061686,2872.608800974637,220,2017-12-01
2017-12,unknown,4713.038102447641,6059.91730548417,97,2017-12-01
2018-01,0-500m,2721.180332607697,2847.569137127082,44,2018-01-01
2018-01,1000-2000m,2947.80473801891,3434.2101068569714,868,2018-01-01
2018-01,2000m+,2506.151175330504,2948.3615726218795,1218,2018-01-01
2018-01,500-1000m,2486.574226226446,2836.1941634705936,360,2018-01-01
2018-01,unknown,6013.734556204047,6426.861611591561,149,2018-01-01
2018-02,0-500m,2623.650793650794,2537.36124904603,25,2018-02-01
2018-02,1000-2000m,2484.1271676300576,3155.088679313044,487,2018-02-01
2018-02,2000m+,2337.906647807638,2684.2437316082633,777,2018-02-01
2018-02,500-1000m,2348.425290078144,2603.9581081651663,235,2018-02-01
2018-02,unknown,5339.950120100404,5547.066025924866,74,2018-02-01
2018-03,0-500m,2678.220009427292,2803.4872613346106,24,2018-03-01
2018-03,1000-2000m,2430.974422036399,3015.0260416809847,515,2018-03-01
2018-03,2000m+,2376.0315777070814,2688.0024483737675,810,2018-03-01
2018-03,500-1000m,2525.1177593889242,2692.353863373194,197,2018-03-01
2018-03,unknown,6444.158328999734,6840.5186747579955,94,2018-03-01
2018-04,0-500m,2223.8264281900874,2532.8073316479845,6,2018-04-01
2018-04,1000-2000m,2481.586539592893,3260.9364469505294,241,2018-04-01
2018-04,2000m+,2470.595396285916,2762.886067595955,364,2018-04-01
2018-04,500-1000m,2424.4782062255263,2773.430331927633,110,2018-04-01
2018-04,unknown,4688.069474861424,5136.1328362580625,46,2018-04-01
2018-05,0-500m,2629.5251001649776,2702.5334634311116,15,2018-05-01
2018-05,1000-2000m,2442.1060558112263,3233.9254477834165,274,2018-05-01
2018-05,2000m+,2436.923870538314,2721.3457805200505,372,2018-05-01
2018-05,500-1000m,2511.736040025501,2633.9143565064874,114,2018-05-01
2018-05,unknown,5346.374304197382,5431.690389249379,49,2018-05-01
2018-06,0-500m,3112.8060263653483,3076.936673485348,19,2018-06-01
2018-06,1000-2000m,2565.5823575252407,3191.238154583163,272,2018-06-01
2018-06,2000m+,2481.004002668446,2778.9535320435907,399,2018-06-01
2018-06,500-1000m,2497.7003315538877,2641.723429020773,126,2018-06-01
2018-06,unknown,5608.138837988821,5365.893008006659,58,2018-06-01
2018-07,0-500m,3096.5091794739824,3147.675785699537,28,2018-07-01
2018-07,1000-2000m,3209.382905118073,3880.9816615923346,511,2018-07-01
2018-07,2000m+,2695.0752092340476,3158.887117584541,584,2018-07-01
2018-07,500-1000m,2776.2128208594945,3115.2671216626013,174,2018-07-01
2018-07,unknown,5775.839220928013,6171.579848464567,59,2018-07-01
2018-08,0-500m,3144.530506862345,3392.4561801199593,39,2018-08-01
2018-08,1000-2000m,3297.825391412911,3941.5061467890932,842,2018-08-01
2018-08,2000m+,2794.6956054969824,3361.575572134435,1206,2018-08-01
2018-08,500-1000m,2927.300097405472,3206.2931718129735,291,2018-08-01
2018-08,unknown,5951.431834082126,6707.868236911509,118,2018-08-01
2018-09,0-500m,2649.4475079273825,2745.227688773088,16,2018-09-01
2018-09,1000-2000m,3186.2655651340997,3944.102363552365,331,2018-09-01
2018-09,2000m+,2926.353433763726,3535.831592575549,502,2018-09-01
2018-09,500-1000m,2815.163962717244,3096.68252250776,144,2018-09-01
2018-09,unknown,4440.718712588281,5349.949905501143,44,2018-09-01
2018-10,0-500m,2723.40152762405,2761.382502400855,8,2018-10-01
2018-10,1000-2000m,3053.2301525822068,3705.1377114776615,168,2018-10-01
2018-10,2000m+,2723.865585328248,3182.9987048601283,270,2018-10-01
2018-10,500-1000m,2704.531657576476,2841.866943780809,73,2018-10-01
2018-10,unknown,5037.730568774076,6244.579824163293,21,2018-10-01
2018-11,0-500m,3252.329785799861,3117.655361297721,8,2018-11-01
2018-11,1000-2000m,2685.2193275257005,3476.3302402429385,74,2018-11-01
2018-11,2000m+,2856.121159277428,3239.700335597553,122,2018-11-01
2018-11,500-1000m,2977.0114626144364,3083.740454343613,32,2018-11-01
2018-11,unknown,5599.559256741445,5999.407986042732,21,2018-11-01
2018-12,0-500m,2793.849493987826,2793.849493987826,2,2018-12-01
2018-12,1000-2000m,2978.7405120956005,3597.9131302873993,72,2018-12-01
2018-12,2000m+,2629.7381504806094,3012.876366491377,109,2018-12-01
2018-12,500-1000m,2283.1887159533076,2964.9129710446314,21,2018-12-01
2018-12,unknown,3827.7636110928224,3619.014656009665,18,2018-12-01
2019-01,0-500m,2303.013342779549,3206.972797975782,3,2019-01-01
2019-01,1000-2000m,2793.6976416282087,3587.721478241252,98,2019-01-01
2019-01,2000m+,2808.5536559039147,3157.7292982256927,136,2019-01-01
2019-01,500-1000m,2841.9285404937204,3226.9584826701634,35,2019-01-01
2019-01,unknown,4629.646621825118,4686.868420937474,29,2019-01-01
2019-02,0-500m,2475.903586321935,2398.656481062419,7,2019-02-01
2019-02,1000-2000m,3659.70271969478,3993.4012220850614,84,2019-02-01
2019-02,2000m+,2432.480838156933,2787.5061203816317,108,2019-02-01
2019-02,500-1000m,2656.249984527758,3082.05357642913,38,2019-02-01
2019-02,unknown,5374.302676043475,5108.040298065152,15,2019-02-01
2019-03,0-500m,3374.464688240555,3374.464688240555,2,2019-03-01
2019-03,1000-2000m,3501.906779661017,3983.250641193886,181,2019-03-01
2019-03,2000m+,2819.784289757821,3429.4431699220295,136,2019-03-01
2019-03,500-1000m,2916.655325394443,3383.4341802293106,31,2019-03-01
2019-03,unknown,4334.891323872822,6125.337015062408,45,2019-03-01
2019-04,0-500m,2941.17251944379,3084.3232421883863,9,2019-04-01
2019-04,1000-2000m,3643.069419812796,4164.70545045189,246,2019-04-01
2019-04,2000m+,3224.491576819407,3810.5796466691977,271,2019-04-01
2019-04,500-1000m,3280.353709918219,3463.7739832955544,66,2019-04-01
2019-04,unknown,6596.216597334837,7134.6268457072065,51,2019-04-01
2019-05,0-500m,3108.1586506346025,3191.691923660642,21,2019-05-01
2019-05,1000-2000m,4206.186878727634,4475.095908214555,349,2019-05-01
2019-05,2000m+,3197.54469379688,3809.124711775899,428,2019-05-01
2019-05,500-1000m,3137.3934292084323,3512.6399645929746,96,2019-05-01
2019-05,unknown,7664.775221238939,8102.604206983094,96,2019-05-01
2019-06,0-500m,3143.1292743953295,3245.901951188044,23,2019-06-01
2019-06,1000-2000m,4686.890857069866,4723.288636590393,522,2019-06-01
2019-06,2000m+,3420.782448030257,3965.896987547554,642,2019-06-01
2019-06,500-1000m,3205.8641125411555,3519.5114883761394,173,2019-06-01
2019-06,unknown,6952.43977500913,7664.974401904015,68,2019-06-01
2019-07,0-500m,3176.388803552556,3350.0197826355993,20,2019-07-01
2019-07,1000-2000m,3704.4287454324,4220.228747849108,597,2019-07-01
2019-07,2000m+,3298.078745412079,3885.2114289265846,967,2019-07-01
2019-07,500-1000m,3025.527720958663,3444.113670412962,238,2019-07-01
2019-07,unknown,6713.041516245488,7477.426803329822,77,2019-07-01
2019-08,0-500m,2891.2563526769886,3038.3598456385303,19,2019-08-01
2019-08,1000-2000m,3236.0762039191904,3816.2922321947262,416,2019-08-01
2019-08,2000m+,3063.760494379905,3403.7306732026486,616,2019-08-01
2019-08,500-1000m,3088.0481934920235,3339.49457155964,146,2019-08-01
2019-08,unknown,6297.206152109496,7895.72616444399,77,2019-08-01
2019-09,0-500m,3068.839895756876,3191.209488089902,28,2019-09-01
2019-09,1000-2000m,4202.078660086735,4680.924544386157,517,2019-09-01
2019-09,2000m+,3289.1599859551707,3859.855929829515,666,2019-09-01
2019-09,500-1000m,3255.9481621112163,3565.9688929009117,175,2019-09-01
2019-09,unknown,6119.286113439509,7106.092645473068,53,2019-09-01
2019-10,0-500m,3117.7558595920827,3320.285526473524,52,2019-10-01
2019-10,1000-2000m,3765.751549378162,4400.846147823934,814,2019-10-01
2019-10,2000m+,3309.604412199138,3894.621956010199,1148,2019-10-01
2019-10,500-1000m,3079.9378881987577,3319.0080840864734,311,2019-10-01
2019-10,unknown,5509.113542816986,5727.085601266942,73,2019-10-01
2019-11,0-500m,3336.077001356852,3331.078634009507,47,2019-11-01
2019-11,1000-2000m,3522.230718126779,4350.556378697741,755,2019-11-01
2019-11,2000m+,3263.967284538612,3760.1710916270945,1110,2019-11-01
2019-11,500-1000m,3134.021561457862,3385.944189735433,352,2019-11-01
2019-11,unknown,4304.70167928567,5690.798589145631,76,2019-11-01
2019-12,0-500m,2921.7929292929293,3073.3061108804154,45,2019-12-01
2019-12,1000-2000m,3293.686154470127,4023.83633764241,582,2019-12-01
2019-12,2000m+,3093.3509887005653,3502.2553504448842,937,2019-12-01
2019-12,500-1000m,3076.207243877127,3295.584988312174,264,2019-12-01
2019-12,unknown,5986.88188976378,7041.194783540691,38,2019-12-01
2020-01,0-500m,3308.5571309424517,3246.042150742242,21,2020-01-01
2020-01,1000-2000m,3008.825059101655,3497.7262539147787,387,2020-01-01
2020-01,2000m+,2879.006708249971,3169.2320700954124,787,2020-01-01
2020-01,500-1000m,3124.574669187146,3177.033137909549,155,2020-01-01
2020-01,unknown,2261.979305740988,3178.554874267849,25,2020-01-01
2020-02,0-500m,3478.4615109509427,3462.2341638956837,24,2020-02-01
2020-02,1000-2000m,3225.853519240616,3730.522286739075,460,2020-02-01
2020-02,2000m+,3025.3542783833873,3377.615830251318,940,2020-02-01
2020-02,500-1000m,3263.128601767581,3434.3627847689577,196,2020-02-01
2020-02,unknown,2892.2371218315616,4550.631674028864,35,2020-02-01
2020-03,0-500m,3226.0290986515256,3162.515318799984,11,2020-03-01
2020-03,1000-2000m,3274.767677720647,3867.196156594757,237,2020-03-01
2020-03,2000m+,3022.8979305310268,3418.0187027788024,442,2020-03-01
2020-03,500-1000m,3362.722608798207,3370.6848320451063,80,2020-03-01
2020-03,unknown,3638.919917257683,6076.525296229234,19,2020-03-01
2020-04,0-500m,3531.539665945413,3315.354152397435,6,2020-04-01
2020-04,1000-2000m,3475.144335057568,4140.918147275143,175,2020-04-01
2020-04,2000m+,3180.076062639821,3765.8471564579327,327,2020-04-01
2020-04,500-1000m,3719.9549887471867,3769.8565884627196,51,2020-04-01
2020-04,unknown,4258.222413052812,6189.46218038183,17,2020-04-01
2020-05,0-500m,3619.7859251968503,3695.532724740957,17,2020-05-01
2020-05,1000-2000m,4326.147135109644,4765.782286912681,427,2020-05-01
2020-05,2000m+,3305.602427624034,3775.072246425013,624,2020-05-01
2020-05,500-1000m,3618.753016126273,3638.9047816676994,124,2020-05-01
2020-05,unknown,4285.958537839834,5372.27767497231,30,2020-05-01
2020-06,0-500m,3477.2092545311343,3606.696126113527,48,2020-06-01
2020-06,1000-2000m,3892.44194029317,4526.89086064835,1018,2020-06-01
2020-06,2000m+,3521.623643346135,4006.2471610663843,1753,2020-06-01
2020-06,500-1000m,3473.0584844117425,3793.738415082827,413,2020-06-01
2020-06,unknown,4765.53940682973,5445.618229338401,81,2020-06-01
2020-07,0-500m,3515.0914912087937,4218.378302042762,26,2020-07-01
2020-07,1000-2000m,3741.150147159136,4309.602888937614,668,2020-07-01
2020-07,2000m+,3569.385007779745,3925.9129823914327,1032,2020-07-01
2020-07,500-1000m,3623.69462394966,3980.3394226667115,304,2020-07-01
2020-07,unknown,4433.718535625714,5589.959621145715,60,2020-07-01
2020-08,0-500m,3816.219336219336,3952.9371876402874,25,2020-08-01
2020-08,1000-2000m,3849.5407234149197,4630.265071581671,345,2020-08-01
2020-08,2000m+,3770.8682857244785,4318.28573325305,558,2020-08-01
2020-08,500-1000m,3890.6869725893584,4324.5674340683745,142,2020-08-01
2020-08,unknown,6101.587929986232,6518.029487959529,40,2020-08-01
2020-09,0-500m,4622.055392287826,5258.2697705719,13,2020-09-01
2020-09,1000-2000m,4668.6595268918445,5149.2719888237325,255,2020-09-01
2020-09,2000m+,3847.029676558853,4353.439209000518,401,2020-09-01
2020-09,500-1000m,4050.4618284637136,4502.281329967762,117,2020-09-01
2020-09,unknown,9745.872641509435,6893.0584854381,37,2020-09-01
2020-10,0-500m,4139.890737939149,4222.042321937423,7,2020-10-01
2020-10,1000-2000m,4416.566466265865,5035.425355768346,285,2020-10-01
2020-10,2000m+,3909.754123871771,4353.048492544354,465,2020-10-01
2020-10,500-1000m,3894.674835061263,4167.34072219665,87,2020-10-01
2020-10,unknown,6545.949659392681,6590.890211627783,41,2020-10-01
2020-11,0-500m,4395.569493226292,4397.489194998785,15,2020-11-01
2020-11,1000-2000m,4803.016032064128,5422.638612178315,429,2020-11-01
2020-11,2000m+,4315.044622095727,4891.4880355215855,746,2020-11-01
2020-11,500-1000m,4082.575391530434,4491.26495420015,118,2020-11-01
2020-11,unknown,10030.009653840849,8236.379516030736,67,2020-11-01
2020-12,0-500m,4464.22746680257,4013.3175703142992,16,2020-12-01
2020-12,1000-2000m,4971.73074590661,5522.017273657968,517,2020-12-01
2020-12,2000m+,4233.156707806773,4876.362981042583,842,2020-12-01
2020-12,500-1000m,4363.2453416149065,4739.5502899520425,183,2020-12-01
2020-12,unknown,8683.61293476837,8015.7402874000445,72,2020-12-01
2021-01,0-500m,4699.665495902324,5093.503430377608,13,2021-01-01
2021-01,1000-2000m,4426.11812941909,5261.865916392718,438,2021-01-01
2021-01,2000m+,4251.712469522814,4839.907406151702,683,2021-01-01
2021-01,500-1000m,4138.12620541063,4588.290619863973,156,2021-01-01
2021-01,unknown,8822.62014245785,8023.532664989263,53,2021-01-01
2021-02,0-500m,4229.698946312093,4161.842199172708,19,2021-02-01
2021-02,1000-2000m,4724.772409507535,5539.922748894743,250,2021-02-01
2021-02,2000m+,4319.018361581921,5010.16751406586,431,2021-02-01
2021-02,500-1000m,4298.867167044859,4618.87187069638,85,2021-02-01
2021-02,unknown,6129.559563776784,6604.864311701753,42,2021-02-01
2021-03,0-500m,4108.125104253544,4051.7641346026194,11,2021-03-01
2021-03,1000-2000m,4304.263835952013,5116.843217831129,276,2021-03-01
2021-03,2000m+,3981.2247744815404,4509.225420601986,433,2021-03-01
2021-03,500-1000m,4764.639797651543,4670.3279153320655,116,2021-03-01
2021-03,unknown,6651.571887398451,7549.792734003918,25,2021-03-01
2021-04,0-500m,4669.399648548866,4752.754981094285,16,2021-04-01
2021-04,1000-2000m,5081.891374566336,5763.145218191554,251,2021-04-01
2021-04,2000m+,4072.0502191164273,5001.988144801374,435,2021-04-01
2021-04,500-1000m,4720.404862942998,4928.804703583197,79,2021-04-01
2021-04,unknown,8392.689712735619,7715.314142622505,35,2021-04-01
2021-05,0-500m,4531.760461760462,5030.241902295406,13,2021-05-01
2021-05,1000-2000m,4750.154624607707,5584.702800344109,332,2021-05-01
2021-05,2000m+,4025.256822953115,4584.369657864402,497,2021-05-01
2021-05,500-1000m,4799.811876675518,4978.369168900149,106,2021-05-01
2021-05,unknown,6069.217519084463,7301.395045152188,48,2021-05-01
2021-06,0-500m,4340.949494949496,4595.908606790339,15,2021-06-01
2021-06,1000-2000m,5031.65905631659,5885.277768305497,253,2021-06-01
2021-06,2000m+,4017.8528021607026,4564.51134883718,451,2021-06-01
2021-06,500-1000m,4595.716305372291,4766.33272125663,89,2021-06-01
2021-06,unknown,5030.056617126681,6911.343537360547,33,2021-06-01
2021-07,0-500m,5097.961384152457,5730.319424079409,9,2021-07-01
2021-07,1000-2000m,4939.835274738205,5999.694024766246,279,2021-07-01
2021-07,2000m+,4141.4186721283495,4732.698423495559,563,2021-07-01
2021-07,500-1000m,4563.729919678714,4711.686525345357,101,2021-07-01
2021-07,unknown,7025.076324708881,7752.097148735884,32,2021-07-01
2021-08,0-500m,5463.366946778711,5406.091659419481,8,2021-08-01
2021-08,1000-2000m,5017.627956230145,5734.084095641533,225,2021-08-01
2021-08,2000m+,4189.89200539973,4666.172064007445,487,2021-08-01
2021-08,500-1000m,4499.833760797317,4773.175340875484,98,2021-08-01
2021-08,unknown,5270.296573739301,7083.94598251659,24,2021-08-01
2021-09,0-500m,4948.471316273624,5625.981795736547,7,2021-09-01
2021-09,1000-2000m,5077.621075012779,5694.613683741809,166,2021-09-01
2021-09,2000m+,4545.820217209691,5128.839648656422,297,2021-09-01
2021-09,500-1000m,4962.26043340866,5288.137723135057,52,2021-09-01
2021-09,unknown,8091.951043916487,7899.411246718685,13,2021-09-01
2021-10,0-500m,5334.624306606152,5739.806908316285,9,2021-10-01
2021-10,1000-2000m,5030.676160530503,5995.8877620982785,144,2021-10-01
2021-10,2000m+,4438.240493662442,5008.726663529087,247,2021-10-01
2021-10,500-1000m,4722.571428571428,5120.643462116221,53,2021-10-01
2021-10,unknown,8012.236083357944,7199.208604316819,12,2021-10-01
2021-11,0-500m,4521.694745621351,4922.670625438851,3,2021-11-01
2021-11,1000-2000m,4841.708512673362,5798.507260928522,81,2021-11-01
2021-11,2000m+,4499.661909989023,5166.902817918655,163,2021-11-01
2021-11,500-1000m,5026.362573099415,5178.970357916684,29,2021-11-01
2021-11,unknown,4024.452173913043,4505.695120493216,25,2021-11-01
2021-12,0-500m,4583.677734997327,4653.331942397251,4,2021-12-01
2021-12,1000-2000m,4583.447768460781,5659.458702678241,76,2021-12-01
2021-12,2000m+,4546.232705450909,5340.074074170552,128,2021-12-01
2021-12,500-1000m,5239.422756089423,5423.399490884126,23,2021-12-01
2021-12,unknown,3864.5799431933397,5513.227349485223,6,2021-12-01
2022-01,0-500m,5147.034677990092,5147.034677990092,1,2022-01-01
2022-01,1000-2000m,5646.4317766565655,6531.597261398459,52,2022-01-01
2022-01,2000m+,4119.674924708028,5108.329824731177,100,2022-01-01
2022-01,500-1000m,5393.259745778353,5575.154114413691,16,2022-01-01
2022-01,unknown,4457.076319660076,6263.969296088265,5,2022-01-01
2022-02,0-500m,4293.2467532467535,4028.7439993167545,5,2022-02-01
2022-02,1000-2000m,4633.525780076757,6008.120489317946,51,2022-02-01
2022-02,2000m+,3790.717821432183,4659.820295039824,96,2022-02-01
2022-02,500-1000m,4805.423558897242,5095.180280364534,25,2022-02-01
2022-02,unknown,7344.573608617594,7016.657478170692,7,2022-02-01
2022-03,0-500m,4700.353685785292,4403.855734282853,6,2022-03-01
2022-03,1000-2000m,5138.099683624043,6347.621374732858,88,2022-03-01
2022-03,2000m+,4126.22766225101,4910.502215642953,160,2022-03-01
2022-03,500-1000m,4660.091295136087,4943.462837831803,36,2022-03-01
2022-03,unknown,5032.076490909744,6642.689380763744,10,2022-03-01
2022-04,0-500m,3593.8618498076607,3653.4178958830544,3,2022-04-01
2022-04,1000-2000m,5245.491548809935,6123.211611708224,139,2022-04-01
2022-04,2000m+,4472.964059196618,5227.858082435352,217,2022-04-01
2022-04,500-1000m,5348.190723954312,5594.012826072387,43,2022-04-01
2022-04,unknown,3899.653394994374,6038.901134620342,18,2022-04-01
2022-05,0-500m,4680.67494677076,4331.798204208217,9,2022-05-01
2022-05,1000-2000m,5056.524296976116,6007.97355473744,113,2022-05-01
2022-05,2000m+,4187.268763991988,4845.54191880237,177,2022-05-01
2022-05,500-1000m,5535.582167304604,6131.4831575801645,38,2022-05-01
2022-05,unknown,4185.556617295748,5019.6804602777775,17,2022-05-01
2022-06,1000-2000m,5739.236111111112,6437.317291020708,53,2022-06-01
2022-06,2000m+,4817.248496790096,5332.319473073669,114,2022-06-01
2022-06,500-1000m,4546.485330073349,4845.999209588201,19,2022-06-01
2022-06,unknown,4593.318144557744,5743.550648540785,6,2022-06-01
2022-07,0-500m,3313.9579713513167,3313.9579713513167,2,2022-07-01
2022-07,1000-2000m,6266.353748251117,6701.139190336567,35,2022-07-01
2022-07,2000m+,3914.4729819879917,4897.580953628646,65,2022-07-01
2022-07,500-1000m,4925.764104001017,5390.152413103312,11,2022-07-01
2022-07,unknown,6426.979363296409,7157.939188892971,4,2022-07-01
2022-08,0-500m,3783.46208869814,3874.984072472768,3,2022-08-01
2022-08,1000-2000m,5517.7593804246235,6295.900261766145,39,2022-08-01
2022-08,2000m+,3507.1176632681186,4195.925823526063,77,2022-08-01
2022-08,500-1000m,3890.732783095582,4401.511057346757,8,2022-08-01
2022-08,unknown,7641.959855660802,8949.895774742625,3,2022-08-01
2022-09,0-500m,3831.0746343292917,3831.0746343292917,1,2022-09-01
2022-09,1000-2000m,5586.3795536906355,6442.04696729501,27,2022-09-01
2022-09,2000m+,3869.8447161008185,4395.5066185375435,58,2022-09-01
2022-09,500-1000m,4660.5411558669,5562.660494249946,13,2022-09-01
2022-09,unknown,3235.9880814109265,3235.9880814109265,2,2022-09-01
2022-10,0-500m,3314.4614847161574,3314.4614847161574,1,2022-10-01
2022-10,1000-2000m,4091.3366336633667,5136.743176533157,33,2022-10-01
2022-10,2000m+,3698.679632153494,4303.147162769866,48,2022-10-01
2022-10,500-1000m,3617.7064730203715,4121.67650810756,16,2022-10-01
2022-10,unknown,3005.1153282122905,3005.1153282122905,1,2022-10-01
2022-11,1000-2000m,7095.89482157231,6292.550933327789,29,2022-11-01
2022-11,2000m+,3824.617706237425,4244.491729941918,59,2022-11-01
2022-11,500-1000m,3739.080488693852,4273.365532876594,8,2022-11-01
2022-11,unknown,6812.644473267042,7089.602138106513,7,2022-11-01
2022-12,1000-2000m,5537.353433835846,5643.545950732769,41,2022-12-01
2022-12,2000m+,3575.1898926537433,4238.829884686113,66,2022-12-01
2022-12,500-1000m,3472.3190052694354,3801.3557790621767,12,2022-12-01
2022-12,unknown,8628.888910867263,8189.3414341064645,6,2022-12-01
2023-01,0-500m,4508.087276176924,4508.087276176924,1,2023-01-01
2023-01,1000-2000m,5075.561075227166,5648.219214927825,122,2023-01-01
2023-01,2000m+,3735.112133031431,4406.50215181102,124,2023-01-01
2023-01,500-1000m,4333.01293254107,4596.6242206708575,21,2023-01-01
2023-01,unknown,12218.375396497035,10417.975699432913,7,2023-01-01
2023-02,0-500m,4449.730792498487,4493.157282408962,7,2023-02-01
2023-02,1000-2000m,5413.42677707421,6062.935816928174,190,2023-02-01
2023-02,2000m+,3767.7747938270677,4686.926098752496,250,2023-02-01
2023-02,500-1000m,3801.964350876632,4258.587282780815,52,2023-02-01
2023-02,unknown,7462.302483069978,8669.844260027518,11,2023-02-01
2023-03,0-500m,4845.994661025794,4720.94314665053,8,2023-03-01
2023-03,1000-2000m,4865.838435028218,5502.511524207687,228,2023-03-01
2023-03,2000m+,3823.836127870929,4837.851695950591,289,2023-03-01
2023-03,500-1000m,3880.0469483568077,3939.534988360955,71,2023-03-01
2023-03,unknown,6240.60164613224,7191.61921874005,14,2023-03-01
2023-04,0-500m,3715.0185338395922,4075.6046242625243,18,2023-04-01
2023-04,1000-2000m,5309.424778187402,5934.932490357564,254,2023-04-01
2023-04,2000m+,3891.923710854721,4660.339611987613,349,2023-04-01
2023-04,500-1000m,3742.990523833936,4331.713627132948,92,2023-04-01
2023-04,unknown,4310.2308052434455,4499.190134478492,15,2023-04-01
2023-05,0-500m,4252.237144648154,4104.033901968951,10,2023-05-01
2023-05,1000-2000m,5850.628943873522,6159.742902864596,294,2023-05-01
2023-05,2000m+,3992.5120772946866,4789.622755125019,409,2023-05-01
2023-05,500-1000m,3794.047054559561,4403.490724525573,78,2023-05-01
2023-05,unknown,6731.719909159729,6422.993859942929,13,2023-05-01
2023-06,0-500m,4326.8313475439945,4052.314296846396,10,2023-06-01
2023-06,1000-2000m,5913.082581076564,6224.410907632878,327,2023-06-01
2023-06,2000m+,4306.783495670916,5077.574510777041,432,2023-06-01
2023-06,500-1000m,4179.640897937759,4520.8142854578955,84,2023-06-01
2023-06,unknown,6781.769871309614,5614.953218434517,15,2023-06-01
2023-07,0-500m,4511.577399288512,4313.764591070895,12,2023-07-01
2023-07,1000-2000m,5372.117002479735,6008.599348581406,270,2023-07-01
2023-07,2000m+,4158.338887230156,4959.594960778024,416,2023-07-01
2023-07,500-1000m,3947.8662563616995,4658.767662404322,103,2023-07-01
2023-07,unknown,6756.744890234671,5670.657839925731,24,2023-07-01
2023-08,0-500m,4645.1522248243555,4638.441465947443,17,2023-08-01
2023-08,1000-2000m,5837.623015873016,6321.607705482344,297,2023-08-01
2023-08,2000m+,4164.11180390664,5134.333743494914,464,2023-08-01
2023-08,500-1000m,3854.8751035870723,4359.91693858299,95,2023-08-01
2023-08,unknown,7255.260378846008,6246.203987342233,16,2023-08-01
2023-09,0-500m,3757.844392705162,4159.091565788843,16,2023-09-01
2023-09,1000-2000m,4725.208025567609,5635.277793004135,266,2023-09-01
2023-09,2000m+,4072.9815082697132,4881.709932720151,364,2023-09-01
2023-09,500-1000m,4087.4262307517256,4577.4678616788515,91,2023-09-01
2023-09,unknown,5040.895493395494,5282.58793177494,13,2023-09-01
2023-10,0-500m,3981.3542044660453,4689.8280472585675,12,2023-10-01
2023-10,1000-2000m,4956.374991699369,5803.4355515804045,170,2023-10-01
2023-10,2000m+,4085.5579096045203,4993.191769114019,275,2023-10-01
2023-10,500-1000m,4084.55474383438,4779.242924793731,58,2023-10-01
2023-10,unknown,4082.5786267083813,4099.994946120837,9,2023-10-01
2023-11,0-500m,3284.351175993512,3619.398816290035,9,2023-11-01
2023-11,1000-2000m,5975.242384225415,5971.4290783497445,114,2023-11-01
2023-11,2000m+,3723.046864621155,4348.031864290005,252,2023-11-01
2023-11,500-1000m,4187.363087698383,4385.62612539319,53,2023-11-01
2023-11,unknown,2853.271189366477,2975.773578285896,11,2023-11-01
2023-12,0-500m,3879.772351969804,3970.7883650492126,3,2023-12-01
2023-12,1000-2000m,4642.464694280079,5310.267657938383,143,2023-12-01
2023-12,2000m+,3906.743734775499,4699.118015686546,190,2023-12-01
2023-12,500-1000m,3852.097457627119,4139.534283762558,55,2023-12-01
2023-12,unknown,4848.360114625874,4987.03133348943,6,2023-12-01
2024-01,0-500m,5930.69247286303,7855.785606426714,12,2024-01-01
2024-01,1000-2000m,5486.657412614724,6038.508486057926,200,2024-01-01
2024-01,2000m+,3955.558683793771,4764.843364324249,311,2024-01-01
2024-01,500-1000m,4097.996213873002,4533.437403429261,72,2024-01-01
2024-01,unknown,10798.226784881006,8641.095354281202,24,2024-01-01
2024-02,0-500m,5151.9725710214625,7872.479790830843,11,2024-02-01
2024-02,1000-2000m,5447.983803820958,6092.043837097176,220,2024-02-01
2024-02,2000m+,3933.3916954434535,4765.49656711769,352,2024-02-01
2024-02,500-1000m,3933.621583411876,4417.375551718245,59,2024-02-01
2024-02,unknown,4593.674408521277,4755.094219635193,4,2024-02-01
2024-03,0-500m,4103.903750523172,6837.473939741066,13,2024-03-01
2024-03,1000-2000m,5292.330409995944,6071.963702202303,360,2024-03-01
2024-03,2000m+,3868.2183971808836,4568.026485209969,454,2024-03-01
2024-03,500-1000m,3943.3582704995288,4331.785119037611,90,2024-03-01
2024-03,unknown,5766.7402167369055,5379.742260645859,16,2024-03-01
2024-04,0-500m,4230.406490465039,4891.992484797004,21,2024-04-01
2024-04,1000-2000m,5820.282795110381,6515.305058854764,329,2024-04-01
2024-04,2000m+,3977.910954863978,4791.712485117053,557,2024-04-01
2024-04,500-1000m,3920.8051763029803,4358.903640988404,111,2024-04-01
2024-04,unknown,3195.5534074432094,4848.528775261256,15,2024-04-01
2024-05,0-500m,6563.29415501906,8961.265592306925,23,2024-05-01
2024-05,1000-2000m,6204.163050095123,6525.098027169839,400,2024-05-01
2024-05,2000m+,4171.1935570721635,4936.806277461336,630,2024-05-01
2024-05,500-1000m,4420.161843847054,4804.521179292717,134,2024-05-01
2024-05,unknown,5817.010963307796,5587.35843737963,16,2024-05-01
2024-06,0-500m,4148.806269149187,4716.34644427826,35,2024-06-01
2024-06,1000-2000m,6061.643607267878,6589.019245746751,676,2024-06-01
2024-06,2000m+,4419.856367942548,5268.690266067896,867,2024-06-01
2024-06,500-1000m,4203.6503861051715,4688.895645495133,194,2024-06-01
2024-06,unknown,7394.691930448438,6646.073510809898,14,2024-06-01
2024-07,0-500m,4782.600769359426,5424.769617503227,37,2024-07-01
2024-07,1000-2000m,5332.563287413163,6248.218184278426,754,2024-07-01
2024-07,2000m+,4382.200819391668,5232.2076692192595,1100,2024-07-01
2024-07,500-1000m,4268.083608930526,4921.266133008891,255,2024-07-01
2024-07,unknown,6504.110130011521,5977.751723781232,22,2024-07-01
2024-08,0-500m,4921.649381063901,5568.334124463844,27,2024-08-01
2024-08,1000-2000m,4932.981586971644,6111.251674356944,536,2024-08-01
2024-08,2000m+,4193.657122145705,5243.197682826462,875,2024-08-01
2024-08,500-1000m,4582.518870332003,5268.9083728230235,170,2024-08-01
2024-08,unknown,2386.6130363036305,3881.6114116946865,9,2024-08-01
2024-09,0-500m,6899.333570496859,6989.631769567399,13,2024-09-01
2024-09,1000-2000m,5380.413065439443,6247.086074034504,281,2024-09-01
2024-09,2000m+,4164.962775812701,5097.831339448647,409,2024-09-01
2024-09,500-1000m,4399.79385569899,5322.504289026842,81,2024-09-01
2024-09,unknown,3534.2679373526053,4552.351224707747,14,2024-09-01
2024-10,0-500m,3883.4794120528686,4778.341854960013,24,2024-10-01
2024-10,1000-2000m,5229.423217327817,6531.409944294896,325,2024-10-01
2024-10,2000m+,4241.641911542592,5209.650770469,542,2024-10-01
2024-10,500-1000m,4324.994311717862,5217.082379587921,119,2024-10-01
2024-10,unknown,3889.6456329100874,3989.2303352755034,8,2024-10-01
2024-11,0-500m,5277.596974071721,5360.072999446303,23,2024-11-01
2024-11,1000-2000m,6458.656929328428,6761.29560328972,276,2024-11-01
2024-11,2000m+,4500.880387570999,5480.592624241638,455,2024-11-01
2024-11,500-1000m,4479.66167514205,5135.5024604211385,100,2024-11-01
2024-11,unknown,4473.611842492962,5056.63446613415,4,2024-11-01
2024-12,0-500m,4976.94881231181,6923.390307548471,12,2024-12-01
2024-12,1000-2000m,5646.228511332008,6545.818546246478,238,2024-12-01
2024-12,2000m+,4422.333604807831,5345.489017030445,390,2024-12-01
2024-12,500-1000m,4435.383148751869,5160.7034932845045,113,2024-12-01
2024-12,unknown,3353.207415180133,3565.2461802255516,7,2024-12-01
2025-01,0-500m,4430.417486132866,6443.545290398021,11,2025-01-01
2025-01,1000-2000m,6335.225775541981,6892.096312972535,281,2025-01-01
2025-01,2000m+,4379.961135319751,5121.102070059692,453,2025-01-01
2025-01,500-1000m,4359.903171953255,4915.419809201838,107,2025-01-01
2025-02,0-500m,5706.949039324056,7101.818048711699,34,2025-02-01
2025-02,1000-2000m,7372.83615986757,7473.517820930953,644,2025-02-01
2025-02,2000m+,4953.19433856732,5901.376494750159,916,2025-02-01
2025-02,500-1000m,4633.268984122293,5264.88746201543,186,2025-02-01
2025-03,0-500m,5087.170124562851,6531.163957690212,48,2025-03-01
2025-03,1000-2000m,6673.863449087698,7116.3264402351315,1039,2025-03-01
2025-03,2000m+,4977.242668765991,5791.051885059225,1431,2025-03-01
2025-03,500-1000m,4582.953064974111,5312.304308678692,315,2025-03-01
2025-03,unknown,4937.877141255878,4937.877141255878,1,2025-03-01
2025-04,0-500m,4566.969058370965,4782.138270926488,29,2025-04-01
2025-04,1000-2000m,4153.79013853335,4987.310967948817,324,2025-04-01
2025-04,2000m+,4156.966476561413,4565.476581967066,627,2025-04-01
2025-04,500-1000m,4474.290018477762,4803.25204200017,179,2025-04-01
2025-05,0-500m,4416.985390541968,4834.523861712267,36,2025-05-01
2025-05,1000-2000m,4825.906605463719,5836.25346714988,564,2025-05-01
2025-05,2000m+,4135.006671114076,4708.251431665732,935,2025-05-01
2025-05,500-1000m,4582.040233054758,4923.68295836009,250,2025-05-01
2025-06,0-500m,4533.794948988126,5244.400365874118,69,2025-06-01
2025-06,1000-2000m,4926.892785675975,5806.352928153293,904,2025-06-01
2025-06,2000m+,4469.528337894136,5216.873547905066,1374,2025-06-01
2025-06,500-1000m,4689.255859819464,5288.934437060413,353,2025-06-01
2025-06,unknown,5369.0834238146945,5369.0834238146945,1,2025-06-01
2025-07,0-500m,4754.955678207059,5337.339986048529,15,2025-07-01
2025-07,1000-2000m,5090.263739734681,6259.616603131325,351,2025-07-01
2025-07,2000m+,4546.137978455192,5472.256472381508,579,2025-07-01
2025-07,500-1000m,4853.257030944605,5634.45846367751,88,2025-07-01
2025-08,0-500m,3951.377104377105,4292.948269497008,15,2025-08-01
2025-08,1000-2000m,4561.440040140492,5274.874134457001,325,2025-08-01
2025-08,2000m+,4163.133069204441,4715.875707155949,546,2025-08-01
2025-08,500-1000m,4422.781435141249,4631.5337885231975,116,2025-08-01
2025-09,0-500m,5081.023691123927,5604.190511794867,53,2025-09-01
2025-09,1000-2000m,4710.891532210576,5432.111159499707,651,2025-09-01
2025-09,2000m+,4307.950911357913,4784.506316240429,996,2025-09-01
2025-09,500-1000m,4637.63309352518,5034.314169267747,289,2025-09-01
2025-10,0-500m,4541.326174159465,4699.679581318294,53,2025-10-01
2025-10,1000-2000m,4696.51497701717,5702.019306070122,622,2025-10-01
2025-10,2000m+,4409.20306768923,5061.194286281825,1045,2025-10-01
2025-10,500-1000m,4638.647840239289,4988.021657247134,267,2025-10-01
2025-10,unknown,6186.4431394527155,6186.4431394527155,1,2025-10-01
2025-11,0-500m,5611.953503930424,5865.001407815487,9,2025-11-01
2025-11,1000-2000m,5606.227912994903,6721.189952249245,240,2025-11-01
2025-11,2000m+,4835.748521630875,5657.056397899173,499,2025-11-01
2025-11,500-1000m,4854.016983134803,5238.450923111094,77,2025-11-01
2025-12,0-500m,5107.385025144713,5345.333882259921,24,2025-12-01
2025-12,1000-2000m,4383.617602070833,5330.950509659225,289,2025-12-01
2025-12,2000m+,4293.2467532467535,4906.964841939421,655,2025-12-01
2025-12,500-1000m,4898.557478054444,5102.313688814097,114,2025-12-01
2026-01,0-500m,5745.465250732441,6002.96438653185,23,2026-01-01
2026-01,1000-2000m,4804.6207818242565,5618.66242871733,389,2026-01-01
2026-01,2000m+,4335.3473534971645,5050.8070615279685,761,2026-01-01
2026-01,500-1000m,5358.974165939354,5606.489404064185,144,2026-01-01
2026-01,unknown,2751.1783862019056,3630.0036400910494,9,2026-01-01
2026-02,0-500m,4111.196581717721,5338.344048137563,18,2026-02-01
2026-02,1000-2000m,4936.447207186189,5897.913612196507,388,2026-02-01
2026-02,2000m+,4310.508520149709,5002.2105910344035,762,2026-02-01
2026-02,500-1000m,5467.646625273981,5606.994642772324,168,2026-02-01
2026-02,unknown,3556.8264910600774,3888.71441461386,16,2026-02-01
2026-03,0-500m,4953.468976659672,5664.596718987216,14,2026-03-01
2026-03,1000-2000m,4672.784043536699,5633.630437438293,344,2026-03-01
2026-03,2000m+,4394.32287640709,5117.85555317558,674,2026-03-01
2026-03,500-1000m,5455.115511551156,5772.775007904881,135,2026-03-01
2026-03,unknown,2678.297921223847,2957.884171335079,6,2026-03-01
2026-04,0-500m,6113.730315434111,6793.915741658835,37,2026-04-01
2026-04,1000-2000m,5367.243966087661,6508.83972585044,612,2026-04-01
2026-04,2000m+,4679.453606058461,5415.761036241713,1133,2026-04-01
2026-04,500-1000m,5247.903780457498,5442.789927781319,214,2026-04-01
2026-04,unknown,2655.8140918828854,3139.009779153733,19,2026-04-01
2026-05,0-500m,6332.500886839305,6346.665434207942,31,2026-05-01
2026-05,1000-2000m,5507.698928571429,6439.810473845701,583,2026-05-01
2026-05,2000m+,4718.805422647528,5559.959925908426,1053,2026-05-01
2026-05,500-1000m,5403.500649355988,5544.471085574845,210,2026-05-01
2026-05,unknown,3426.525250090394,3867.646009843771,17,2026-05-01
2026-06,0-500m,3595.8330119940297,4542.255785023311,14,2026-06-01
2026-06,1000-2000m,5134.419678944043,6048.699344219029,173,2026-06-01
2026-06,2000m+,4365.2602157088,4985.262672972521,380,2026-06-01
2026-06,500-1000m,5494.4324321963195,6020.255691492349,72,2026-06-01
2026-06,unknown,4347.922798379424,4324.795984233752,6,2026-06-01
